{
    "numParticles": 32,
    "dirX": 0.3436557961085227,
    "dirY": 0.5,
    "dirZ": 0.1331871745683748,
    "noise": 1.7051246916963554,
    "seed": 82
}