{
    "numParticles": 33,
    "dirX": 0,
    "dirY": 0.4351877226637435,
    "dirZ": 0,
    "noise": 0.8895587832282819,
    "seed": 389
}