{
    "numParticles": 25,
    "dirX": 0,
    "dirY": 0.5,
    "dirZ": -0.04220334338174836,
    "noise": 0.8369416278432447,
    "seed": 394
}