{
    "numParticles": 44,
    "dirX": -0.07728144697177308,
    "dirY": 0.5,
    "dirZ": 0,
    "noise": 0.8106330501507262,
    "seed": 1
}