{
    "numParticles": 35,
    "dirX": 0,
    "dirY": 0.1721019457385585,
    "dirZ": 0,
    "noise": 1.44203891477117,
    "seed": 113
}