{
    "numParticles": 32,
    "dirX": 0,
    "dirY": 0.6105782406138668,
    "dirZ": 0,
    "noise": 1.5735818032337627,
    "seed": 337
}